"module name","licenses","repository","licenseUrl","parents"
"@types/better-sqlite3@5.2.2","MIT","https://github.com/DefinitelyTyped/DefinitelyTyped","https://github.com/DefinitelyTyped/DefinitelyTyped/raw/master/LICENSE","chatbot"
"@types/integer@1.0.0","MIT","https://github.com/DefinitelyTyped/DefinitelyTyped","https://github.com/DefinitelyTyped/DefinitelyTyped/raw/master/LICENSE","chatbot"
"@types/node@10.5.6","MIT","https://github.com/DefinitelyTyped/DefinitelyTyped","https://github.com/DefinitelyTyped/DefinitelyTyped/raw/master/LICENSE","chatbot"
"abbrev@1.0.9","ISC","https://github.com/isaacs/abbrev-js","https://github.com/isaacs/abbrev-js/raw/master/LICENSE","chatbot"
"accepts@1.3.5","MIT","https://github.com/jshttp/accepts","https://github.com/jshttp/accepts/raw/master/LICENSE","chatbot"
"agent-base@4.2.1","MIT","https://github.com/TooTallNate/node-agent-base","https://github.com/TooTallNate/node-agent-base","chatbot"
"ajv@5.5.2","MIT","https://github.com/epoberezkin/ajv","https://github.com/epoberezkin/ajv/raw/master/LICENSE","chatbot"
"ajv@6.9.1","MIT","https://github.com/epoberezkin/ajv","https://github.com/epoberezkin/ajv/raw/master/LICENSE","codacy-coverage:chatbot"
"amdefine@1.0.1","BSD-3-Clause OR MIT","https://github.com/jrburke/amdefine","https://github.com/jrburke/amdefine/raw/master/LICENSE","chatbot"
"ansi-colors@3.2.3","MIT","https://github.com/doowb/ansi-colors","https://github.com/doowb/ansi-colors/raw/master/LICENSE","chatbot"
"ansi-regex@2.1.1","MIT","https://github.com/chalk/ansi-regex","https://github.com/chalk/ansi-regex/raw/master/license","chatbot"
"ansi-regex@3.0.0","MIT","https://github.com/chalk/ansi-regex","https://github.com/chalk/ansi-regex/raw/master/license","string-width:chatbot"
"ansi-styles@3.2.1","MIT","https://github.com/chalk/ansi-styles","https://github.com/chalk/ansi-styles/raw/master/license","chatbot"
"argle@1.1.1","MIT","https://github.com/zackehh/argle","https://github.com/zackehh/argle/raw/master/LICENSE","chatbot"
"argparse@1.0.10","MIT","https://github.com/nodeca/argparse","https://github.com/nodeca/argparse/raw/master/LICENSE","chatbot"
"argv@0.0.2","MIT*","","","chatbot"
"arr-diff@4.0.0","MIT","https://github.com/jonschlinkert/arr-diff","https://github.com/jonschlinkert/arr-diff/raw/master/LICENSE","chatbot"
"arr-flatten@1.1.0","MIT","https://github.com/jonschlinkert/arr-flatten","https://github.com/jonschlinkert/arr-flatten/raw/master/LICENSE","chatbot"
"arr-union@3.1.0","MIT","https://github.com/jonschlinkert/arr-union","https://github.com/jonschlinkert/arr-union/raw/master/LICENSE","chatbot"
"array-find-index@1.0.2","MIT","https://github.com/sindresorhus/array-find-index","https://github.com/sindresorhus/array-find-index/raw/master/license","chatbot"
"array-flatten@1.1.1","MIT","https://github.com/blakeembrey/array-flatten","https://github.com/blakeembrey/array-flatten/raw/master/LICENSE","chatbot"
"array-uniq@1.0.2","MIT","https://github.com/sindresorhus/array-uniq","https://github.com/sindresorhus/array-uniq","chatbot"
"array-unique@0.3.2","MIT","https://github.com/jonschlinkert/array-unique","https://github.com/jonschlinkert/array-unique/raw/master/LICENSE","chatbot"
"asap@2.0.6","MIT","https://github.com/kriskowal/asap","https://github.com/kriskowal/asap/raw/master/LICENSE.md","chatbot"
"asn1@0.2.3","MIT","https://github.com/mcavage/node-asn1","https://github.com/mcavage/node-asn1/raw/master/LICENSE","chatbot"
"assert-plus@1.0.0","MIT","https://github.com/mcavage/node-assert-plus","https://github.com/mcavage/node-assert-plus","chatbot"
"assertion-error@1.1.0","MIT","https://github.com/chaijs/assertion-error","https://github.com/chaijs/assertion-error","chatbot"
"assign-symbols@1.0.0","MIT","https://github.com/jonschlinkert/assign-symbols","https://github.com/jonschlinkert/assign-symbols/raw/master/LICENSE","chatbot"
"async-limiter@1.0.0","MIT","https://github.com/strml/async-limiter","https://github.com/strml/async-limiter/raw/master/LICENSE","chatbot"
"async@1.0.0","MIT","https://github.com/caolan/async","https://github.com/caolan/async/raw/master/LICENSE","chatbot"
"async@1.5.2","MIT","https://github.com/caolan/async","https://github.com/caolan/async/raw/master/LICENSE","grunt-legacy-util:chatbot"
"async@2.6.2","MIT","https://github.com/caolan/async","https://github.com/caolan/async/raw/master/LICENSE","handlebars:chatbot"
"asynckit@0.4.0","MIT","https://github.com/alexindigo/asynckit","https://github.com/alexindigo/asynckit/raw/master/LICENSE","chatbot"
"atob@2.1.2","(MIT OR Apache-2.0)","git://git.coolaj86.com/coolaj86/atob.js","https://git.coolaj86.com/coolaj86/atob.js","chatbot"
"aws-sign2@0.7.0","Apache-2.0","https://github.com/mikeal/aws-sign","https://github.com/mikeal/aws-sign/raw/master/LICENSE","chatbot"
"aws4@1.7.0","MIT","https://github.com/mhart/aws4","https://github.com/mhart/aws4/raw/master/LICENSE","chatbot"
"aws4@1.8.0","MIT","https://github.com/mhart/aws4","https://github.com/mhart/aws4/raw/master/LICENSE","codacy-coverage:chatbot"
"balanced-match@1.0.0","MIT","https://github.com/juliangruber/balanced-match","https://github.com/juliangruber/balanced-match/raw/master/LICENSE.md","chatbot"
"base@0.11.2","MIT","https://github.com/node-base/base","https://github.com/node-base/base/raw/master/LICENSE","chatbot"
"bcrypt-pbkdf@1.0.2","BSD-3-Clause","https://github.com/joyent/node-bcrypt-pbkdf","https://github.com/joyent/node-bcrypt-pbkdf/raw/master/LICENSE","chatbot"
"better-sqlite-pool@0.2.0","MIT","https://github.com/hyurl/better-sqlite-pool","https://github.com/hyurl/better-sqlite-pool/raw/master/LICENSE","chatbot"
"better-sqlite3@5.4.0","MIT","https://github.com/JoshuaWise/better-sqlite3","https://github.com/JoshuaWise/better-sqlite3/raw/master/LICENSE","chatbot"
"bluebird@3.5.3","MIT","https://github.com/petkaantonov/bluebird","https://github.com/petkaantonov/bluebird/raw/master/LICENSE","chatbot"
"body-parser@1.18.3","MIT","https://github.com/expressjs/body-parser","https://github.com/expressjs/body-parser/raw/master/LICENSE","chatbot"
"brace-expansion@1.1.11","MIT","https://github.com/juliangruber/brace-expansion","https://github.com/juliangruber/brace-expansion/raw/master/LICENSE","chatbot"
"braces@2.3.2","MIT","https://github.com/micromatch/braces","https://github.com/micromatch/braces/raw/master/LICENSE","chatbot"
"browser-stdout@1.3.1","ISC","https://github.com/kumavis/browser-stdout","https://github.com/kumavis/browser-stdout/raw/master/LICENSE","chatbot"
"builtin-modules@1.1.1","MIT","https://github.com/sindresorhus/builtin-modules","https://github.com/sindresorhus/builtin-modules/raw/master/license","chatbot"
"bytes@3.0.0","MIT","https://github.com/visionmedia/bytes.js","https://github.com/visionmedia/bytes.js/raw/master/LICENSE","chatbot"
"cache-base@1.0.1","MIT","https://github.com/jonschlinkert/cache-base","https://github.com/jonschlinkert/cache-base/raw/master/LICENSE","chatbot"
"camelcase-keys@2.1.0","MIT","https://github.com/sindresorhus/camelcase-keys","https://github.com/sindresorhus/camelcase-keys/raw/master/license","chatbot"
"camelcase@2.1.1","MIT","https://github.com/sindresorhus/camelcase","https://github.com/sindresorhus/camelcase/raw/master/license","camelcase-keys:chatbot"
"camelcase@5.0.0","MIT","https://github.com/sindresorhus/camelcase","https://github.com/sindresorhus/camelcase/raw/master/license","chatbot"
"capture-console@1.0.1","MIT","https://github.com/zackehh/capture-console","https://github.com/zackehh/capture-console/raw/master/LICENSE","chatbot"
"caseless@0.12.0","Apache-2.0","https://github.com/mikeal/caseless","https://github.com/mikeal/caseless/raw/master/LICENSE","chatbot"
"chai@4.1.2","MIT","https://github.com/chaijs/chai","https://github.com/chaijs/chai/raw/master/LICENSE","chatbot"
"chalk@2.4.2","MIT","https://github.com/chalk/chalk","https://github.com/chalk/chalk/raw/master/license","chatbot"
"check-error@1.0.2","MIT","https://github.com/chaijs/check-error","https://github.com/chaijs/check-error/raw/master/LICENSE","chatbot"
"chownr@1.1.1","ISC","https://github.com/isaacs/chownr","https://github.com/isaacs/chownr/raw/master/LICENSE","chatbot"
"class-utils@0.3.6","MIT","https://github.com/jonschlinkert/class-utils","https://github.com/jonschlinkert/class-utils/raw/master/LICENSE","chatbot"
"cliui@4.1.0","ISC","https://github.com/yargs/cliui","https://github.com/yargs/cliui/raw/master/LICENSE.txt","chatbot"
"co@4.6.0","MIT","https://github.com/tj/co","https://github.com/tj/co/raw/master/LICENSE","chatbot"
"codacy-coverage@3.4.0","MIT","https://github.com/codacy/node-codacy-coverage","https://github.com/codacy/node-codacy-coverage/raw/master/LICENSE","chatbot"
"code-point-at@1.1.0","MIT","https://github.com/sindresorhus/code-point-at","https://github.com/sindresorhus/code-point-at/raw/master/license","chatbot"
"codecov@3.2.0","MIT","https://github.com/codecov/codecov-node","https://github.com/codecov/codecov-node/raw/master/LICENSE","chatbot"
"coffeescript@1.10.0","MIT","https://github.com/jashkenas/coffeescript","https://github.com/jashkenas/coffeescript/raw/master/LICENSE","chatbot"
"collection-visit@1.0.0","MIT","https://github.com/jonschlinkert/collection-visit","https://github.com/jonschlinkert/collection-visit/raw/master/LICENSE","chatbot"
"color-convert@1.9.3","MIT","https://github.com/Qix-/color-convert","https://github.com/Qix-/color-convert/raw/master/LICENSE","chatbot"
"color-name@1.1.3","MIT","https://github.com/dfcreative/color-name","https://github.com/dfcreative/color-name/raw/master/LICENSE","chatbot"
"colors@1.0.3","MIT","https://github.com/Marak/colors.js","https://github.com/Marak/colors.js/raw/master/MIT-LICENSE.txt","chatbot"
"colors@1.1.2","MIT","https://github.com/Marak/colors.js","https://github.com/Marak/colors.js/raw/master/LICENSE","grunt-legacy-log:chatbot"
"combined-stream@1.0.6","MIT","https://github.com/felixge/node-combined-stream","https://github.com/felixge/node-combined-stream/raw/master/License","chatbot"
"commander@2.15.1","MIT","https://github.com/tj/commander.js","https://github.com/tj/commander.js/raw/master/LICENSE","jacoco-parse:chatbot"
"commander@2.17.1","MIT","https://github.com/tj/commander.js","https://github.com/tj/commander.js/raw/master/LICENSE","handlebars:chatbot"
"commander@2.19.0","MIT","https://github.com/tj/commander.js","https://github.com/tj/commander.js/raw/master/LICENSE","chatbot"
"component-emitter@1.2.1","MIT","https://github.com/component/emitter","https://github.com/component/emitter/raw/master/LICENSE","chatbot"
"concat-map@0.0.1","MIT","https://github.com/substack/node-concat-map","https://github.com/substack/node-concat-map/raw/master/LICENSE","chatbot"
"content-disposition@0.5.2","MIT","https://github.com/jshttp/content-disposition","https://github.com/jshttp/content-disposition/raw/master/LICENSE","chatbot"
"content-type@1.0.4","MIT","https://github.com/jshttp/content-type","https://github.com/jshttp/content-type/raw/master/LICENSE","chatbot"
"cookie-signature@1.0.6","MIT","https://github.com/visionmedia/node-cookie-signature","https://github.com/visionmedia/node-cookie-signature","chatbot"
"cookie@0.3.1","MIT","https://github.com/jshttp/cookie","https://github.com/jshttp/cookie/raw/master/LICENSE","chatbot"
"copy-descriptor@0.1.1","MIT","https://github.com/jonschlinkert/copy-descriptor","https://github.com/jonschlinkert/copy-descriptor/raw/master/LICENSE","chatbot"
"core-util-is@1.0.2","MIT","https://github.com/isaacs/core-util-is","https://github.com/isaacs/core-util-is/raw/master/LICENSE","chatbot"
"cross-spawn@6.0.5","MIT","https://github.com/moxystudio/node-cross-spawn","https://github.com/moxystudio/node-cross-spawn/raw/master/LICENSE","chatbot"
"currently-unhandled@0.4.1","MIT","https://github.com/jamestalmage/currently-unhandled","https://github.com/jamestalmage/currently-unhandled/raw/master/license","chatbot"
"cycle@1.0.3","UNKNOWN","https://github.com/dscape/cycle","https://github.com/dscape/cycle","chatbot"
"dashdash@1.14.1","MIT","https://github.com/trentm/node-dashdash","https://github.com/trentm/node-dashdash/raw/master/LICENSE.txt","chatbot"
"dateformat@1.0.12","MIT","https://github.com/felixge/node-dateformat","https://github.com/felixge/node-dateformat/raw/master/LICENSE","chatbot"
"dblapi.js@2.3.0","Apache-2.0","https://github.com/DiscordBotList/dblapi.js","https://github.com/DiscordBotList/dblapi.js/raw/master/LICENSE","chatbot"
"debug@2.6.9","MIT","https://github.com/visionmedia/debug","https://github.com/visionmedia/debug/raw/master/LICENSE","body-parser:chatbot"
"debug@3.1.0","MIT","https://github.com/visionmedia/debug","https://github.com/visionmedia/debug/raw/master/LICENSE","chatbot"
"debug@3.2.6","MIT","https://github.com/visionmedia/debug","https://github.com/visionmedia/debug/raw/master/LICENSE","mocha:chatbot"
"decamelize@1.2.0","MIT","https://github.com/sindresorhus/decamelize","https://github.com/sindresorhus/decamelize/raw/master/license","chatbot"
"decode-uri-component@0.2.0","MIT","https://github.com/SamVerschueren/decode-uri-component","https://github.com/SamVerschueren/decode-uri-component/raw/master/license","chatbot"
"deep-eql@3.0.1","MIT","https://github.com/chaijs/deep-eql","https://github.com/chaijs/deep-eql/raw/master/LICENSE","chatbot"
"deep-is@0.1.3","MIT","https://github.com/thlorenz/deep-is","https://github.com/thlorenz/deep-is/blob/master/LICENSE","chatbot"
"define-properties@1.1.3","MIT","https://github.com/ljharb/define-properties","https://github.com/ljharb/define-properties/raw/master/LICENSE","chatbot"
"define-property@0.2.5","MIT","https://github.com/jonschlinkert/define-property","https://github.com/jonschlinkert/define-property/raw/master/LICENSE","class-utils:chatbot"
"define-property@1.0.0","MIT","https://github.com/jonschlinkert/define-property","https://github.com/jonschlinkert/define-property/raw/master/LICENSE","base:chatbot"
"define-property@2.0.2","MIT","https://github.com/jonschlinkert/define-property","https://github.com/jonschlinkert/define-property/raw/master/LICENSE","chatbot"
"delayed-stream@1.0.0","MIT","https://github.com/felixge/node-delayed-stream","https://github.com/felixge/node-delayed-stream/raw/master/License","chatbot"
"depd@1.1.2","MIT","https://github.com/dougwilson/nodejs-depd","https://github.com/dougwilson/nodejs-depd/raw/master/LICENSE","chatbot"
"destroy@1.0.4","MIT","https://github.com/stream-utils/destroy","https://github.com/stream-utils/destroy/raw/master/LICENSE","chatbot"
"detect-file@1.0.0","MIT","https://github.com/doowb/detect-file","https://github.com/doowb/detect-file/raw/master/LICENSE","chatbot"
"detect-newline@2.1.0","MIT","https://github.com/sindresorhus/detect-newline","https://github.com/sindresorhus/detect-newline/raw/master/license","chatbot"
"diff@3.5.0","BSD-3-Clause","https://github.com/kpdecker/jsdiff","https://github.com/kpdecker/jsdiff/raw/master/LICENSE","chatbot"
"discord.js@11.4.2","Apache-2.0","https://github.com/discordjs/discord.js","https://github.com/discordjs/discord.js/raw/master/LICENSE","chatbot"
"ecc-jsbn@0.1.1","MIT","https://github.com/quartzjer/ecc-jsbn","https://github.com/quartzjer/ecc-jsbn/raw/master/LICENSE","chatbot"
"ee-first@1.1.1","MIT","https://github.com/jonathanong/ee-first","https://github.com/jonathanong/ee-first/raw/master/LICENSE","chatbot"
"encodeurl@1.0.2","MIT","https://github.com/pillarjs/encodeurl","https://github.com/pillarjs/encodeurl/raw/master/LICENSE","chatbot"
"encoding@0.1.12","MIT","https://github.com/andris9/encoding","https://github.com/andris9/encoding/raw/master/LICENSE","chatbot"
"end-of-stream@1.4.1","MIT","https://github.com/mafintosh/end-of-stream","https://github.com/mafintosh/end-of-stream/raw/master/LICENSE","chatbot"
"enmap@4.8.1","Apache-2.0","https://github.com/eslachance/enmap","https://github.com/eslachance/enmap/raw/master/LICENSE","chatbot"
"error-ex@1.3.2","MIT","https://github.com/qix-/node-error-ex","https://github.com/qix-/node-error-ex/raw/master/LICENSE","chatbot"
"es-abstract@1.13.0","MIT","https://github.com/ljharb/es-abstract","https://github.com/ljharb/es-abstract/raw/master/LICENSE","chatbot"
"es-to-primitive@1.2.0","MIT","https://github.com/ljharb/es-to-primitive","https://github.com/ljharb/es-to-primitive/raw/master/LICENSE","chatbot"
"es6-promise@4.2.6","MIT","https://github.com/stefanpenner/es6-promise","https://github.com/stefanpenner/es6-promise/raw/master/LICENSE","chatbot"
"es6-promisify@5.0.0","MIT","https://github.com/digitaldesignlabs/es6-promisify","https://github.com/digitaldesignlabs/es6-promisify","chatbot"
"escape-goat@1.3.0","MIT","https://github.com/sindresorhus/escape-goat","https://github.com/sindresorhus/escape-goat/raw/master/license","chatbot"
"escape-html@1.0.3","MIT","https://github.com/component/escape-html","https://github.com/component/escape-html/raw/master/LICENSE","chatbot"
"escape-string-regexp@1.0.5","MIT","https://github.com/sindresorhus/escape-string-regexp","https://github.com/sindresorhus/escape-string-regexp/raw/master/license","chatbot"
"escodegen@1.8.1","BSD-2-Clause","https://github.com/estools/escodegen","https://github.com/estools/escodegen/raw/master/LICENSE.BSD","chatbot"
"esprima@2.7.3","BSD-2-Clause","https://github.com/jquery/esprima","https://github.com/jquery/esprima/raw/master/LICENSE.BSD","chatbot"
"esprima@4.0.0","BSD-2-Clause","https://github.com/jquery/esprima","https://github.com/jquery/esprima/raw/master/LICENSE.BSD","js-yaml:chatbot"
"esprima@4.0.1","BSD-2-Clause","https://github.com/jquery/esprima","https://github.com/jquery/esprima/raw/master/LICENSE.BSD","codecov:chatbot"
"estraverse@1.9.3","BSD","https://github.com/estools/estraverse","http://github.com/estools/estraverse/raw/master/LICENSE.BSD","chatbot"
"esutils@2.0.2","BSD","https://github.com/estools/esutils","http://github.com/estools/esutils/raw/master/LICENSE.BSD","chatbot"
"etag@1.8.1","MIT","https://github.com/jshttp/etag","https://github.com/jshttp/etag/raw/master/LICENSE","chatbot"
"eventemitter2@0.4.14","MIT","https://github.com/hij1nx/EventEmitter2","https://github.com/hij1nx/EventEmitter2","chatbot"
"execa@1.0.0","MIT","https://github.com/sindresorhus/execa","https://github.com/sindresorhus/execa/raw/master/license","chatbot"
"exit@0.1.2","MIT","https://github.com/cowboy/node-exit","https://github.com/cowboy/node-exit/blob/master/LICENSE-MIT","chatbot"
"expand-brackets@2.1.4","MIT","https://github.com/jonschlinkert/expand-brackets","https://github.com/jonschlinkert/expand-brackets/raw/master/LICENSE","chatbot"
"expand-tilde@2.0.2","MIT","https://github.com/jonschlinkert/expand-tilde","https://github.com/jonschlinkert/expand-tilde/raw/master/LICENSE","chatbot"
"express@4.16.4","MIT","https://github.com/expressjs/express","https://github.com/expressjs/express/raw/master/LICENSE","chatbot"
"extend-shallow@2.0.1","MIT","https://github.com/jonschlinkert/extend-shallow","https://github.com/jonschlinkert/extend-shallow/raw/master/LICENSE","set-value:chatbot"
"extend-shallow@3.0.2","MIT","https://github.com/jonschlinkert/extend-shallow","https://github.com/jonschlinkert/extend-shallow/raw/master/LICENSE","chatbot"
"extend@3.0.2","MIT","https://github.com/justmoon/node-extend","https://github.com/justmoon/node-extend/raw/master/LICENSE","chatbot"
"extglob@2.0.4","MIT","https://github.com/micromatch/extglob","https://github.com/micromatch/extglob/raw/master/LICENSE","chatbot"
"extsprintf@1.3.0","MIT","https://github.com/davepacheco/node-extsprintf","https://github.com/davepacheco/node-extsprintf/raw/master/LICENSE","chatbot"
"eyes@0.1.8","MIT","","","chatbot"
"fast-deep-equal@1.1.0","MIT","https://github.com/epoberezkin/fast-deep-equal","https://github.com/epoberezkin/fast-deep-equal/raw/master/LICENSE","chatbot"
"fast-deep-equal@2.0.1","MIT","https://github.com/epoberezkin/fast-deep-equal","https://github.com/epoberezkin/fast-deep-equal/raw/master/LICENSE","codacy-coverage:chatbot"
"fast-json-stable-stringify@2.0.0","MIT","https://github.com/epoberezkin/fast-json-stable-stringify","https://github.com/epoberezkin/fast-json-stable-stringify/raw/master/LICENSE","chatbot"
"fast-levenshtein@2.0.6","MIT","https://github.com/hiddentao/fast-levenshtein","https://github.com/hiddentao/fast-levenshtein/raw/master/LICENSE.md","chatbot"
"fill-range@4.0.0","MIT","https://github.com/jonschlinkert/fill-range","https://github.com/jonschlinkert/fill-range/raw/master/LICENSE","chatbot"
"finalhandler@1.1.1","MIT","https://github.com/pillarjs/finalhandler","https://github.com/pillarjs/finalhandler/raw/master/LICENSE","chatbot"
"find-up@1.1.2","MIT","https://github.com/sindresorhus/find-up","https://github.com/sindresorhus/find-up/raw/master/license","chatbot"
"find-up@3.0.0","MIT","https://github.com/sindresorhus/find-up","https://github.com/sindresorhus/find-up/raw/master/license","yargs:chatbot"
"findup-sync@0.3.0","MIT","https://github.com/cowboy/node-findup-sync","https://github.com/cowboy/node-findup-sync/blob/master/LICENSE-MIT","chatbot"
"findup-sync@2.0.0","MIT","https://github.com/js-cli/node-findup-sync","https://github.com/js-cli/node-findup-sync","mocha:chatbot"
"flat@4.1.0","BSD-3-Clause","https://github.com/hughsk/flat","https://github.com/hughsk/flat/raw/master/LICENSE","chatbot"
"for-in@1.0.2","MIT","https://github.com/jonschlinkert/for-in","https://github.com/jonschlinkert/for-in/raw/master/LICENSE","chatbot"
"forever-agent@0.6.1","Apache-2.0","https://github.com/mikeal/forever-agent","https://github.com/mikeal/forever-agent/raw/master/LICENSE","chatbot"
"form-data@2.3.2","MIT","https://github.com/form-data/form-data","https://github.com/form-data/form-data/raw/master/License","chatbot"
"forwarded@0.1.2","MIT","https://github.com/jshttp/forwarded","https://github.com/jshttp/forwarded/raw/master/LICENSE","chatbot"
"fragment-cache@0.2.1","MIT","https://github.com/jonschlinkert/fragment-cache","https://github.com/jonschlinkert/fragment-cache/raw/master/LICENSE","chatbot"
"fresh@0.5.2","MIT","https://github.com/jshttp/fresh","https://github.com/jshttp/fresh/raw/master/LICENSE","chatbot"
"fs-minipass@1.2.5","ISC","https://github.com/npm/fs-minipass","https://github.com/npm/fs-minipass/raw/master/LICENSE","chatbot"
"fs.realpath@1.0.0","ISC","https://github.com/isaacs/fs.realpath","https://github.com/isaacs/fs.realpath/raw/master/LICENSE","chatbot"
"function-bind@1.1.1","MIT","https://github.com/Raynos/function-bind","https://github.com/Raynos/function-bind/raw/master/LICENSE","chatbot"
"get-caller-file@1.0.3","ISC","https://github.com/stefanpenner/get-caller-file","https://github.com/stefanpenner/get-caller-file/raw/master/LICENSE.md","chatbot"
"get-func-name@2.0.0","MIT","https://github.com/chaijs/get-func-name","https://github.com/chaijs/get-func-name/raw/master/LICENSE","chatbot"
"get-stdin@4.0.1","MIT","https://github.com/sindresorhus/get-stdin","https://github.com/sindresorhus/get-stdin","chatbot"
"get-stream@4.1.0","MIT","https://github.com/sindresorhus/get-stream","https://github.com/sindresorhus/get-stream/raw/master/license","chatbot"
"get-urls@7.2.0","MIT","https://github.com/sindresorhus/get-urls","https://github.com/sindresorhus/get-urls/raw/master/license","chatbot"
"get-value@2.0.6","MIT","https://github.com/jonschlinkert/get-value","https://github.com/jonschlinkert/get-value/raw/master/LICENSE","chatbot"
"getobject@0.1.0","MIT","https://github.com/cowboy/node-getobject","https://github.com/cowboy/node-getobject/blob/master/LICENSE-MIT","chatbot"
"getpass@0.1.7","MIT","https://github.com/arekinath/node-getpass","https://github.com/arekinath/node-getpass/raw/master/LICENSE","chatbot"
"giphy-js-sdk-core@1.0.6","ISC","","","chatbot"
"glob@5.0.15","ISC","https://github.com/isaacs/node-glob","https://github.com/isaacs/node-glob/raw/master/LICENSE","findup-sync:chatbot"
"glob@7.0.6","ISC","https://github.com/isaacs/node-glob","https://github.com/isaacs/node-glob/raw/master/LICENSE","grunt:chatbot"
"glob@7.1.2","ISC","https://github.com/isaacs/node-glob","https://github.com/isaacs/node-glob/raw/master/LICENSE","chatbot"
"glob@7.1.3","ISC","https://github.com/isaacs/node-glob","https://github.com/isaacs/node-glob/raw/master/LICENSE","mocha:chatbot"
"global-modules@1.0.0","MIT","https://github.com/jonschlinkert/global-modules","https://github.com/jonschlinkert/global-modules/raw/master/LICENSE","chatbot"
"global-prefix@1.0.2","MIT","https://github.com/jonschlinkert/global-prefix","https://github.com/jonschlinkert/global-prefix/raw/master/LICENSE","chatbot"
"graceful-fs@4.1.11","ISC","https://github.com/isaacs/node-graceful-fs","https://github.com/isaacs/node-graceful-fs/raw/master/LICENSE","chatbot"
"growl@1.10.5","MIT","https://github.com/tj/node-growl","https://github.com/tj/node-growl","chatbot"
"grunt-cli@1.2.0","MIT","https://github.com/gruntjs/grunt-cli","https://github.com/gruntjs/grunt-cli","grunt:chatbot"
"grunt-known-options@1.1.0","MIT","https://github.com/gruntjs/grunt-known-options","https://github.com/gruntjs/grunt-known-options/raw/master/LICENSE","chatbot"
"grunt-legacy-log-utils@2.0.1","MIT","https://github.com/gruntjs/grunt-legacy-log-utils","https://github.com/gruntjs/grunt-legacy-log-utils","chatbot"
"grunt-legacy-log@2.0.0","MIT","https://github.com/gruntjs/grunt-legacy-log","https://github.com/gruntjs/grunt-legacy-log/raw/master/LICENSE-MIT","chatbot"
"grunt-legacy-util@1.1.1","MIT","https://github.com/gruntjs/grunt-legacy-util","https://github.com/gruntjs/grunt-legacy-util/raw/master/LICENSE-MIT","chatbot"
"grunt-run@0.8.1","MIT","https://github.com/spalger/grunt-run","https://github.com/spalger/grunt-run/blob/master/LICENSE-MIT","chatbot"
"grunt@1.0.3","MIT","https://github.com/gruntjs/grunt","https://github.com/gruntjs/grunt/raw/master/LICENSE","chatbot"
"handlebars@4.1.0","MIT","https://github.com/wycats/handlebars.js","https://github.com/wycats/handlebars.js/raw/master/LICENSE","chatbot"
"har-schema@2.0.0","ISC","https://github.com/ahmadnassri/har-schema","https://github.com/ahmadnassri/har-schema/raw/master/LICENSE","chatbot"
"har-validator@5.0.3","ISC","https://github.com/ahmadnassri/har-validator","https://github.com/ahmadnassri/har-validator/raw/master/LICENSE","chatbot"
"har-validator@5.1.3","MIT","https://github.com/ahmadnassri/node-har-validator","https://github.com/ahmadnassri/node-har-validator/raw/master/LICENSE","codacy-coverage:chatbot"
"has-flag@1.0.0","MIT","https://github.com/sindresorhus/has-flag","https://github.com/sindresorhus/has-flag/raw/master/license","istanbul:chatbot"
"has-flag@3.0.0","MIT","https://github.com/sindresorhus/has-flag","https://github.com/sindresorhus/has-flag/raw/master/license","chatbot"
"has-symbols@1.0.0","MIT","https://github.com/ljharb/has-symbols","https://github.com/ljharb/has-symbols/raw/master/LICENSE","chatbot"
"has-value@0.3.1","MIT","https://github.com/jonschlinkert/has-value","https://github.com/jonschlinkert/has-value/raw/master/LICENSE","unset-value:chatbot"
"has-value@1.0.0","MIT","https://github.com/jonschlinkert/has-value","https://github.com/jonschlinkert/has-value/raw/master/LICENSE","chatbot"
"has-values@0.1.4","MIT","https://github.com/jonschlinkert/has-values","https://github.com/jonschlinkert/has-values/raw/master/LICENSE","unset-value:chatbot"
"has-values@1.0.0","MIT","https://github.com/jonschlinkert/has-values","https://github.com/jonschlinkert/has-values/raw/master/LICENSE","chatbot"
"has@1.0.3","MIT","https://github.com/tarruda/has","https://github.com/tarruda/has/raw/master/LICENSE-MIT","chatbot"
"he@1.1.1","MIT","https://github.com/mathiasbynens/he","https://github.com/mathiasbynens/he/raw/master/LICENSE-MIT.txt","jacoco-parse:chatbot"
"he@1.2.0","MIT","https://github.com/mathiasbynens/he","https://github.com/mathiasbynens/he/raw/master/LICENSE-MIT.txt","chatbot"
"hoek@5.0.4","BSD-3-Clause","https://github.com/hapijs/hoek","https://github.com/hapijs/hoek/raw/master/LICENSE","chatbot"
"hoek@6.1.2","BSD-3-Clause","https://github.com/hapijs/hoek","https://github.com/hapijs/hoek/raw/master/LICENSE","topo:chatbot"
"homedir-polyfill@1.0.1","MIT","https://github.com/doowb/homedir-polyfill","https://github.com/doowb/homedir-polyfill/raw/master/LICENSE","chatbot"
"hooker@0.2.3","MIT","https://github.com/cowboy/javascript-hooker","https://github.com/cowboy/javascript-hooker/blob/master/LICENSE-MIT","chatbot"
"hosted-git-info@2.7.1","ISC","https://github.com/npm/hosted-git-info","https://github.com/npm/hosted-git-info/raw/master/LICENSE","chatbot"
"http-errors@1.6.3","MIT","https://github.com/jshttp/http-errors","https://github.com/jshttp/http-errors/raw/master/LICENSE","chatbot"
"http-signature@1.2.0","MIT","https://github.com/joyent/node-http-signature","https://github.com/joyent/node-http-signature/raw/master/LICENSE","chatbot"
"https-proxy-agent@2.2.1","MIT","https://github.com/TooTallNate/node-https-proxy-agent","https://github.com/TooTallNate/node-https-proxy-agent","chatbot"
"iconv-lite@0.4.23","MIT","https://github.com/ashtuchkin/iconv-lite","https://github.com/ashtuchkin/iconv-lite/raw/master/LICENSE","chatbot"
"ignore-walk@3.0.1","ISC","https://github.com/isaacs/ignore-walk","https://github.com/isaacs/ignore-walk/raw/master/LICENSE","chatbot"
"indent-string@2.1.0","MIT","https://github.com/sindresorhus/indent-string","https://github.com/sindresorhus/indent-string/raw/master/license","chatbot"
"inflight@1.0.6","ISC","https://github.com/npm/inflight","https://github.com/npm/inflight/raw/master/LICENSE","chatbot"
"inherits@2.0.3","ISC","https://github.com/isaacs/inherits","https://github.com/isaacs/inherits/raw/master/LICENSE","chatbot"
"ini@1.3.5","ISC","https://github.com/isaacs/ini","https://github.com/isaacs/ini/raw/master/LICENSE","chatbot"
"integer@2.1.0","MIT","https://github.com/JoshuaWise/integer","https://github.com/JoshuaWise/integer/raw/master/LICENSE","chatbot"
"invert-kv@2.0.0","MIT","https://github.com/sindresorhus/invert-kv","https://github.com/sindresorhus/invert-kv/raw/master/license","chatbot"
"ip-regex@1.0.3","MIT","https://github.com/sindresorhus/ip-regex","https://github.com/sindresorhus/ip-regex/raw/master/license","chatbot"
"ipaddr.js@1.8.0","MIT","https://github.com/whitequark/ipaddr.js","https://github.com/whitequark/ipaddr.js","chatbot"
"is-accessor-descriptor@0.1.6","MIT","https://github.com/jonschlinkert/is-accessor-descriptor","https://github.com/jonschlinkert/is-accessor-descriptor/raw/master/LICENSE","chatbot"
"is-accessor-descriptor@1.0.0","MIT","https://github.com/jonschlinkert/is-accessor-descriptor","https://github.com/jonschlinkert/is-accessor-descriptor/raw/master/LICENSE","define-property:chatbot"
"is-arrayish@0.2.1","MIT","https://github.com/qix-/node-is-arrayish","https://github.com/qix-/node-is-arrayish/raw/master/LICENSE","chatbot"
"is-buffer@1.1.6","MIT","https://github.com/feross/is-buffer","https://github.com/feross/is-buffer/raw/master/LICENSE","chatbot"
"is-buffer@2.0.3","MIT","https://github.com/feross/is-buffer","https://github.com/feross/is-buffer/raw/master/LICENSE","flat:chatbot"
"is-builtin-module@1.0.0","MIT","https://github.com/sindresorhus/is-builtin-module","https://github.com/sindresorhus/is-builtin-module/raw/master/license","chatbot"
"is-callable@1.1.4","MIT","https://github.com/ljharb/is-callable","https://github.com/ljharb/is-callable/raw/master/LICENSE","chatbot"
"is-data-descriptor@0.1.4","MIT","https://github.com/jonschlinkert/is-data-descriptor","https://github.com/jonschlinkert/is-data-descriptor/raw/master/LICENSE","chatbot"
"is-data-descriptor@1.0.0","MIT","https://github.com/jonschlinkert/is-data-descriptor","https://github.com/jonschlinkert/is-data-descriptor/raw/master/LICENSE","define-property:chatbot"
"is-date-object@1.0.1","MIT","https://github.com/ljharb/is-date-object","https://github.com/ljharb/is-date-object/raw/master/LICENSE","chatbot"
"is-descriptor@0.1.6","MIT","https://github.com/jonschlinkert/is-descriptor","https://github.com/jonschlinkert/is-descriptor/raw/master/LICENSE","chatbot"
"is-descriptor@1.0.2","MIT","https://github.com/jonschlinkert/is-descriptor","https://github.com/jonschlinkert/is-descriptor/raw/master/LICENSE","define-property:chatbot"
"is-extendable@0.1.1","MIT","https://github.com/jonschlinkert/is-extendable","https://github.com/jonschlinkert/is-extendable/raw/master/LICENSE","chatbot"
"is-extendable@1.0.1","MIT","https://github.com/jonschlinkert/is-extendable","https://github.com/jonschlinkert/is-extendable/raw/master/LICENSE","extend-shallow:chatbot"
"is-extglob@2.1.1","MIT","https://github.com/jonschlinkert/is-extglob","https://github.com/jonschlinkert/is-extglob/raw/master/LICENSE","chatbot"
"is-finite@1.0.2","MIT","https://github.com/sindresorhus/is-finite","https://github.com/sindresorhus/is-finite/raw/master/license","chatbot"
"is-fullwidth-code-point@1.0.0","MIT","https://github.com/sindresorhus/is-fullwidth-code-point","https://github.com/sindresorhus/is-fullwidth-code-point/raw/master/license","wrap-ansi:chatbot"
"is-fullwidth-code-point@2.0.0","MIT","https://github.com/sindresorhus/is-fullwidth-code-point","https://github.com/sindresorhus/is-fullwidth-code-point/raw/master/license","chatbot"
"is-glob@3.1.0","MIT","https://github.com/jonschlinkert/is-glob","https://github.com/jonschlinkert/is-glob/raw/master/LICENSE","chatbot"
"is-number@3.0.0","MIT","https://github.com/jonschlinkert/is-number","https://github.com/jonschlinkert/is-number/raw/master/LICENSE","chatbot"
"is-plain-obj@1.1.0","MIT","https://github.com/sindresorhus/is-plain-obj","https://github.com/sindresorhus/is-plain-obj/raw/master/license","chatbot"
"is-plain-object@2.0.4","MIT","https://github.com/jonschlinkert/is-plain-object","https://github.com/jonschlinkert/is-plain-object/raw/master/LICENSE","chatbot"
"is-regex@1.0.4","MIT","https://github.com/ljharb/is-regex","https://github.com/ljharb/is-regex/raw/master/LICENSE","chatbot"
"is-stream@1.1.0","MIT","https://github.com/sindresorhus/is-stream","https://github.com/sindresorhus/is-stream/raw/master/license","chatbot"
"is-symbol@1.0.2","MIT","https://github.com/ljharb/is-symbol","https://github.com/ljharb/is-symbol/raw/master/LICENSE","chatbot"
"is-typedarray@1.0.0","MIT","https://github.com/hughsk/is-typedarray","https://github.com/hughsk/is-typedarray/raw/master/LICENSE.md","chatbot"
"is-utf8@0.2.1","MIT","https://github.com/wayfind/is-utf8","https://github.com/wayfind/is-utf8/raw/master/LICENSE","chatbot"
"is-windows@1.0.2","MIT","https://github.com/jonschlinkert/is-windows","https://github.com/jonschlinkert/is-windows/raw/master/LICENSE","chatbot"
"isarray@1.0.0","MIT","https://github.com/juliangruber/isarray","https://github.com/juliangruber/isarray","chatbot"
"isemail@3.2.0","BSD-3-Clause","https://github.com/hapijs/isemail","https://github.com/hapijs/isemail/raw/master/LICENSE","chatbot"
"isexe@2.0.0","ISC","https://github.com/isaacs/isexe","https://github.com/isaacs/isexe/raw/master/LICENSE","chatbot"
"isobject@2.1.0","MIT","https://github.com/jonschlinkert/isobject","https://github.com/jonschlinkert/isobject/raw/master/LICENSE","has-value:unset-value:chatbot"
"isobject@3.0.1","MIT","https://github.com/jonschlinkert/isobject","https://github.com/jonschlinkert/isobject/raw/master/LICENSE","chatbot"
"isomorphic-fetch@2.2.1","MIT","https://github.com/matthew-andrews/isomorphic-fetch","https://github.com/matthew-andrews/isomorphic-fetch/raw/master/LICENSE","chatbot"
"isstream@0.1.2","MIT","https://github.com/rvagg/isstream","https://github.com/rvagg/isstream/raw/master/LICENSE.md","chatbot"
"istanbul@0.4.5","BSD-3-Clause","https://github.com/gotwarlost/istanbul","https://github.com/gotwarlost/istanbul/raw/master/LICENSE","chatbot"
"jacoco-parse@2.0.1","MIT","https://github.com/vokal/jacoco-parse","https://github.com/vokal/jacoco-parse/raw/master/LICENSE","chatbot"
"joi@13.7.0","BSD-3-Clause","https://github.com/hapijs/joi","https://github.com/hapijs/joi/raw/master/LICENSE","chatbot"
"js-yaml@3.11.0","MIT","https://github.com/nodeca/js-yaml","https://github.com/nodeca/js-yaml/raw/master/LICENSE","chatbot"
"js-yaml@3.12.0","MIT","https://github.com/nodeca/js-yaml","https://github.com/nodeca/js-yaml/raw/master/LICENSE","mocha:chatbot"
"js-yaml@3.12.1","MIT","https://github.com/nodeca/js-yaml","https://github.com/nodeca/js-yaml/raw/master/LICENSE","codecov:chatbot"
"js-yaml@3.5.5","MIT","https://github.com/nodeca/js-yaml","https://github.com/nodeca/js-yaml/raw/master/LICENSE","grunt:chatbot"
"jsbn@0.1.1","MIT","https://github.com/andyperlitch/jsbn","https://github.com/andyperlitch/jsbn/raw/master/LICENSE","chatbot"
"json-schema-traverse@0.3.1","MIT","https://github.com/epoberezkin/json-schema-traverse","https://github.com/epoberezkin/json-schema-traverse/raw/master/LICENSE","chatbot"
"json-schema-traverse@0.4.1","MIT","https://github.com/epoberezkin/json-schema-traverse","https://github.com/epoberezkin/json-schema-traverse/raw/master/LICENSE","codacy-coverage:chatbot"
"json-schema@0.2.3","AFLv2.1,BSD","https://github.com/kriszyp/json-schema","http://trac.dojotoolkit.org/browser/dojo/trunk/LICENSE#L43,http://trac.dojotoolkit.org/browser/dojo/trunk/LICENSE#L13","chatbot"
"json-stringify-safe@5.0.1","ISC","https://github.com/isaacs/json-stringify-safe","https://github.com/isaacs/json-stringify-safe/raw/master/LICENSE","chatbot"
"jsprim@1.4.1","MIT","https://github.com/joyent/node-jsprim","https://github.com/joyent/node-jsprim/raw/master/LICENSE","chatbot"
"kind-of@3.2.2","MIT","https://github.com/jonschlinkert/kind-of","https://github.com/jonschlinkert/kind-of/raw/master/LICENSE","is-number:chatbot"
"kind-of@4.0.0","MIT","https://github.com/jonschlinkert/kind-of","https://github.com/jonschlinkert/kind-of/raw/master/LICENSE","has-values:chatbot"
"kind-of@5.1.0","MIT","https://github.com/jonschlinkert/kind-of","https://github.com/jonschlinkert/kind-of/raw/master/LICENSE","is-descriptor:chatbot"
"kind-of@6.0.2","MIT","https://github.com/jonschlinkert/kind-of","https://github.com/jonschlinkert/kind-of/raw/master/LICENSE","chatbot"
"lcid@2.0.0","MIT","https://github.com/sindresorhus/lcid","https://github.com/sindresorhus/lcid/raw/master/license","chatbot"
"lcov-parse@1.0.0","BSD-3-Clause","https://github.com/davglass/lcov-parse","https://github.com/davglass/lcov-parse/raw/master/LICENSE","codacy-coverage:chatbot"
"levn@0.3.0","MIT","https://github.com/gkz/levn","https://github.com/gkz/levn/raw/master/LICENSE","chatbot"
"load-json-file@1.1.0","MIT","https://github.com/sindresorhus/load-json-file","https://github.com/sindresorhus/load-json-file/raw/master/license","chatbot"
"locate-path@3.0.0","MIT","https://github.com/sindresorhus/locate-path","https://github.com/sindresorhus/locate-path/raw/master/license","chatbot"
"lodash.isfunction@3.0.9","MIT","https://github.com/lodash/lodash","https://github.com/lodash/lodash/raw/master/LICENSE","chatbot"
"lodash.isnumber@3.0.3","MIT","https://github.com/lodash/lodash","https://github.com/lodash/lodash/raw/master/LICENSE","chatbot"
"lodash@4.17.11","MIT","https://github.com/lodash/lodash","https://github.com/lodash/lodash/raw/master/LICENSE","chatbot"
"log-driver@1.2.7","ISC","https://github.com/cainus/logdriver","https://github.com/cainus/logdriver/raw/master/LICENSE","chatbot"
"log-symbols@2.2.0","MIT","https://github.com/sindresorhus/log-symbols","https://github.com/sindresorhus/log-symbols/raw/master/license","chatbot"
"long@4.0.0","Apache-2.0","https://github.com/dcodeIO/long.js","https://github.com/dcodeIO/long.js/raw/master/LICENSE","chatbot"
"loud-rejection@1.6.0","MIT","https://github.com/sindresorhus/loud-rejection","https://github.com/sindresorhus/loud-rejection/raw/master/license","chatbot"
"map-age-cleaner@0.1.3","MIT","https://github.com/SamVerschueren/map-age-cleaner","https://github.com/SamVerschueren/map-age-cleaner/raw/master/license","chatbot"
"map-cache@0.2.2","MIT","https://github.com/jonschlinkert/map-cache","https://github.com/jonschlinkert/map-cache/raw/master/LICENSE","chatbot"
"map-obj@1.0.1","MIT","https://github.com/sindresorhus/map-obj","https://github.com/sindresorhus/map-obj/raw/master/license","chatbot"
"map-visit@1.0.0","MIT","https://github.com/jonschlinkert/map-visit","https://github.com/jonschlinkert/map-visit/raw/master/LICENSE","chatbot"
"media-typer@0.3.0","MIT","https://github.com/jshttp/media-typer","https://github.com/jshttp/media-typer/raw/master/LICENSE","chatbot"
"mem@4.1.0","MIT","https://github.com/sindresorhus/mem","https://github.com/sindresorhus/mem/raw/master/license","chatbot"
"meow@3.7.0","MIT","https://github.com/sindresorhus/meow","https://github.com/sindresorhus/meow/raw/master/license","chatbot"
"merge-descriptors@1.0.1","MIT","https://github.com/component/merge-descriptors","https://github.com/component/merge-descriptors/raw/master/LICENSE","chatbot"
"methods@1.1.2","MIT","https://github.com/jshttp/methods","https://github.com/jshttp/methods/raw/master/LICENSE","chatbot"
"micromatch@3.1.10","MIT","https://github.com/micromatch/micromatch","https://github.com/micromatch/micromatch/raw/master/LICENSE","chatbot"
"mime-db@1.33.0","MIT","https://github.com/jshttp/mime-db","https://github.com/jshttp/mime-db/raw/master/LICENSE","chatbot"
"mime-db@1.38.0","MIT","https://github.com/jshttp/mime-db","https://github.com/jshttp/mime-db/raw/master/LICENSE","codacy-coverage:chatbot"
"mime-types@2.1.18","MIT","https://github.com/jshttp/mime-types","https://github.com/jshttp/mime-types/raw/master/LICENSE","chatbot"
"mime-types@2.1.22","MIT","https://github.com/jshttp/mime-types","https://github.com/jshttp/mime-types/raw/master/LICENSE","codacy-coverage:chatbot"
"mime@1.4.1","MIT","https://github.com/broofa/node-mime","https://github.com/broofa/node-mime/raw/master/LICENSE","chatbot"
"mimic-fn@1.2.0","MIT","https://github.com/sindresorhus/mimic-fn","https://github.com/sindresorhus/mimic-fn/raw/master/license","chatbot"
"minimatch@3.0.4","ISC","https://github.com/isaacs/minimatch","https://github.com/isaacs/minimatch/raw/master/LICENSE","chatbot"
"minimist@0.0.8","MIT","https://github.com/substack/minimist","https://github.com/substack/minimist/raw/master/LICENSE","chatbot"
"minimist@1.2.0","MIT","https://github.com/substack/minimist","https://github.com/substack/minimist/raw/master/LICENSE","meow:chatbot"
"minipass@2.3.5","ISC","https://github.com/isaacs/minipass","https://github.com/isaacs/minipass/raw/master/LICENSE","chatbot"
"minizlib@1.2.1","MIT","https://github.com/isaacs/minizlib","https://github.com/isaacs/minizlib/raw/master/LICENSE","chatbot"
"mixin-deep@1.3.1","MIT","https://github.com/jonschlinkert/mixin-deep","https://github.com/jonschlinkert/mixin-deep/raw/master/LICENSE","chatbot"
"mkdirp@0.5.1","MIT","https://github.com/substack/node-mkdirp","https://github.com/substack/node-mkdirp/raw/master/LICENSE","chatbot"
"mocha-lcov-reporter@1.3.0","BSD-2-Clause","https://github.com/StevenLooman/mocha-lcov-reporter","https://github.com/StevenLooman/mocha-lcov-reporter/raw/master/LICENSE","chatbot"
"mocha@5.2.0","MIT","https://github.com/mochajs/mocha","https://github.com/mochajs/mocha/raw/master/LICENSE","jacoco-parse:chatbot"
"mocha@6.0.0","MIT","https://github.com/mochajs/mocha","https://github.com/mochajs/mocha/raw/master/LICENSE","chatbot"
"money@0.2.0","UNKNOWN","https://github.com/openexchangerates/money.js","https://github.com/openexchangerates/money.js/raw/master/license","chatbot"
"ms@2.0.0","MIT","https://github.com/zeit/ms","https://github.com/zeit/ms/raw/master/license.md","body-parser:chatbot"
"ms@2.1.1","MIT","https://github.com/zeit/ms","https://github.com/zeit/ms/raw/master/license.md","chatbot"
"nanomatch@1.2.13","MIT","https://github.com/micromatch/nanomatch","https://github.com/micromatch/nanomatch/raw/master/LICENSE","chatbot"
"negotiator@0.6.1","MIT","https://github.com/jshttp/negotiator","https://github.com/jshttp/negotiator/raw/master/LICENSE","chatbot"
"nice-try@1.0.5","MIT","https://github.com/electerious/nice-try","https://github.com/electerious/nice-try/raw/master/LICENSE","chatbot"
"node-environment-flags@1.0.4","Apache-2.0","https://github.com/boneskull/node-environment-flags","https://github.com/boneskull/node-environment-flags","chatbot"
"node-fetch@1.7.3","MIT","https://github.com/bitinn/node-fetch","https://github.com/bitinn/node-fetch/raw/master/LICENSE.md","chatbot"
"node-fetch@2.3.0","MIT","https://github.com/bitinn/node-fetch","https://github.com/bitinn/node-fetch/raw/master/LICENSE.md","teeny-request:chatbot"
"nopt@3.0.6","ISC","https://github.com/npm/nopt","https://github.com/npm/nopt/raw/master/LICENSE","chatbot"
"normalize-package-data@2.4.0","BSD-2-Clause","https://github.com/npm/normalize-package-data","https://github.com/npm/normalize-package-data/raw/master/LICENSE","chatbot"
"normalize-url@2.0.1","MIT","https://github.com/sindresorhus/normalize-url","https://github.com/sindresorhus/normalize-url/raw/master/license","chatbot"
"npm-run-path@2.0.2","MIT","https://github.com/sindresorhus/npm-run-path","https://github.com/sindresorhus/npm-run-path/raw/master/license","chatbot"
"number-is-nan@1.0.1","MIT","https://github.com/sindresorhus/number-is-nan","https://github.com/sindresorhus/number-is-nan/raw/master/license","chatbot"
"oauth-sign@0.8.2","Apache-2.0","https://github.com/mikeal/oauth-sign","https://github.com/mikeal/oauth-sign/raw/master/LICENSE","chatbot"
"oauth-sign@0.9.0","Apache-2.0","https://github.com/mikeal/oauth-sign","https://github.com/mikeal/oauth-sign/raw/master/LICENSE","codacy-coverage:chatbot"
"object-assign@4.1.1","MIT","https://github.com/sindresorhus/object-assign","https://github.com/sindresorhus/object-assign/raw/master/license","chatbot"
"object-copy@0.1.0","MIT","https://github.com/jonschlinkert/object-copy","https://github.com/jonschlinkert/object-copy/raw/master/LICENSE","chatbot"
"object-keys@1.1.0","MIT","https://github.com/ljharb/object-keys","https://github.com/ljharb/object-keys/raw/master/LICENSE","chatbot"
"object-visit@1.0.1","MIT","https://github.com/jonschlinkert/object-visit","https://github.com/jonschlinkert/object-visit/raw/master/LICENSE","chatbot"
"object.assign@4.1.0","MIT","https://github.com/ljharb/object.assign","https://github.com/ljharb/object.assign/raw/master/LICENSE","chatbot"
"object.getownpropertydescriptors@2.0.3","MIT","https://github.com/ljharb/object.getownpropertydescriptors","https://github.com/ljharb/object.getownpropertydescriptors/raw/master/LICENSE","chatbot"
"object.pick@1.3.0","MIT","https://github.com/jonschlinkert/object.pick","https://github.com/jonschlinkert/object.pick/raw/master/LICENSE","chatbot"
"on-finished@2.3.0","MIT","https://github.com/jshttp/on-finished","https://github.com/jshttp/on-finished/raw/master/LICENSE","chatbot"
"once@1.4.0","ISC","https://github.com/isaacs/once","https://github.com/isaacs/once/raw/master/LICENSE","chatbot"
"optimist@0.6.1","MIT/X11","https://github.com/substack/node-optimist","https://github.com/substack/node-optimist/raw/master/LICENSE","chatbot"
"optionator@0.8.2","MIT","https://github.com/gkz/optionator","https://github.com/gkz/optionator/raw/master/LICENSE","chatbot"
"os-locale@3.1.0","MIT","https://github.com/sindresorhus/os-locale","https://github.com/sindresorhus/os-locale/raw/master/license","chatbot"
"p-defer@1.0.0","MIT","https://github.com/sindresorhus/p-defer","https://github.com/sindresorhus/p-defer/raw/master/license","chatbot"
"p-finally@1.0.0","MIT","https://github.com/sindresorhus/p-finally","https://github.com/sindresorhus/p-finally/raw/master/license","chatbot"
"p-is-promise@2.0.0","MIT","https://github.com/sindresorhus/p-is-promise","https://github.com/sindresorhus/p-is-promise/raw/master/license","chatbot"
"p-limit@2.1.0","MIT","https://github.com/sindresorhus/p-limit","https://github.com/sindresorhus/p-limit/raw/master/license","chatbot"
"p-locate@3.0.0","MIT","https://github.com/sindresorhus/p-locate","https://github.com/sindresorhus/p-locate/raw/master/license","chatbot"
"p-try@2.0.0","MIT","https://github.com/sindresorhus/p-try","https://github.com/sindresorhus/p-try/raw/master/license","chatbot"
"parse-json@2.2.0","MIT","https://github.com/sindresorhus/parse-json","https://github.com/sindresorhus/parse-json/raw/master/license","chatbot"
"parse-passwd@1.0.0","MIT","https://github.com/doowb/parse-passwd","https://github.com/doowb/parse-passwd/raw/master/LICENSE","chatbot"
"parseurl@1.3.2","MIT","https://github.com/pillarjs/parseurl","https://github.com/pillarjs/parseurl/raw/master/LICENSE","chatbot"
"pascalcase@0.1.1","MIT","https://github.com/jonschlinkert/pascalcase","https://github.com/jonschlinkert/pascalcase/raw/master/LICENSE","chatbot"
"path-exists@2.1.0","MIT","https://github.com/sindresorhus/path-exists","https://github.com/sindresorhus/path-exists/raw/master/license","chatbot"
"path-exists@3.0.0","MIT","https://github.com/sindresorhus/path-exists","https://github.com/sindresorhus/path-exists/raw/master/license","locate-path:chatbot"
"path-is-absolute@1.0.1","MIT","https://github.com/sindresorhus/path-is-absolute","https://github.com/sindresorhus/path-is-absolute/raw/master/license","chatbot"
"path-key@2.0.1","MIT","https://github.com/sindresorhus/path-key","https://github.com/sindresorhus/path-key/raw/master/license","chatbot"
"path-to-regexp@0.1.7","MIT","https://github.com/component/path-to-regexp","https://github.com/component/path-to-regexp/raw/master/LICENSE","chatbot"
"path-type@1.1.0","MIT","https://github.com/sindresorhus/path-type","https://github.com/sindresorhus/path-type/raw/master/license","chatbot"
"pathval@1.1.0","MIT","https://github.com/chaijs/pathval","https://github.com/chaijs/pathval/raw/master/LICENSE","chatbot"
"performance-now@2.1.0","MIT","https://github.com/braveg1rl/performance-now","https://github.com/braveg1rl/performance-now/raw/master/license.txt","chatbot"
"pify@2.3.0","MIT","https://github.com/sindresorhus/pify","https://github.com/sindresorhus/pify/raw/master/license","chatbot"
"pinkie-promise@2.0.1","MIT","https://github.com/floatdrop/pinkie-promise","https://github.com/floatdrop/pinkie-promise/raw/master/license","chatbot"
"pinkie@2.0.4","MIT","https://github.com/floatdrop/pinkie","https://github.com/floatdrop/pinkie/raw/master/license","chatbot"
"posix-character-classes@0.1.1","MIT","https://github.com/jonschlinkert/posix-character-classes","https://github.com/jonschlinkert/posix-character-classes/raw/master/LICENSE","chatbot"
"prelude-ls@1.1.2","MIT","https://github.com/gkz/prelude-ls","https://raw.github.com/gkz/prelude-ls/master/LICENSE","chatbot"
"prepend-http@2.0.0","MIT","https://github.com/sindresorhus/prepend-http","https://github.com/sindresorhus/prepend-http/raw/master/license","chatbot"
"prism-media@0.0.3","Apache-2.0","https://github.com/hydrabolt/prism-media","https://github.com/hydrabolt/prism-media/raw/master/LICENSE","chatbot"
"promise@7.3.1","MIT","https://github.com/then/promise","https://github.com/then/promise/raw/master/LICENSE","chatbot"
"proxy-addr@2.0.4","MIT","https://github.com/jshttp/proxy-addr","https://github.com/jshttp/proxy-addr/raw/master/LICENSE","chatbot"
"psl@1.1.31","MIT","https://github.com/wrangr/psl","https://github.com/wrangr/psl/raw/master/LICENSE","chatbot"
"pump@3.0.0","MIT","https://github.com/mafintosh/pump","https://github.com/mafintosh/pump/raw/master/LICENSE","chatbot"
"punycode@1.4.1","MIT","https://github.com/bestiejs/punycode.js","https://github.com/bestiejs/punycode.js/raw/master/LICENSE-MIT.txt","chatbot"
"punycode@2.1.1","MIT","https://github.com/bestiejs/punycode.js","https://github.com/bestiejs/punycode.js/raw/master/LICENSE-MIT.txt","isemail:chatbot"
"qs@6.5.2","BSD-3-Clause","https://github.com/ljharb/qs","https://github.com/ljharb/qs/raw/master/LICENSE","chatbot"
"query-string@5.1.1","MIT","https://github.com/sindresorhus/query-string","https://github.com/sindresorhus/query-string/raw/master/license","chatbot"
"random-number@0.0.9","BSD-2-Clause","https://github.com/ashnur/random-number","https://github.com/ashnur/random-number/raw/master/LICENSE.md","chatbot"
"randomstring@1.1.5","MIT","https://github.com/klughammer/node-randomstring","https://github.com/klughammer/node-randomstring/raw/master/LICENSE","chatbot"
"range-parser@1.2.0","MIT","https://github.com/jshttp/range-parser","https://github.com/jshttp/range-parser/raw/master/LICENSE","chatbot"
"raw-body@2.3.3","MIT","https://github.com/stream-utils/raw-body","https://github.com/stream-utils/raw-body/raw/master/LICENSE","chatbot"
"read-pkg-up@1.0.1","MIT","https://github.com/sindresorhus/read-pkg-up","https://github.com/sindresorhus/read-pkg-up/raw/master/license","chatbot"
"read-pkg@1.1.0","MIT","https://github.com/sindresorhus/read-pkg","https://github.com/sindresorhus/read-pkg/raw/master/license","chatbot"
"redent@1.0.0","MIT","https://github.com/sindresorhus/redent","https://github.com/sindresorhus/redent/raw/master/license","chatbot"
"regex-not@1.0.2","MIT","https://github.com/jonschlinkert/regex-not","https://github.com/jonschlinkert/regex-not/raw/master/LICENSE","chatbot"
"repeat-element@1.1.3","MIT","https://github.com/jonschlinkert/repeat-element","https://github.com/jonschlinkert/repeat-element/raw/master/LICENSE","chatbot"
"repeat-string@1.6.1","MIT","https://github.com/jonschlinkert/repeat-string","https://github.com/jonschlinkert/repeat-string/raw/master/LICENSE","chatbot"
"repeating@2.0.1","MIT","https://github.com/sindresorhus/repeating","https://github.com/sindresorhus/repeating/raw/master/license","chatbot"
"request-promise-core@1.1.2","ISC","https://github.com/request/promise-core","https://github.com/request/promise-core/raw/master/LICENSE","chatbot"
"request-promise@4.2.4","ISC","https://github.com/request/request-promise","https://github.com/request/request-promise/raw/master/LICENSE","chatbot"
"request@2.87.0","Apache-2.0","https://github.com/request/request","https://github.com/request/request/raw/master/LICENSE","chatbot"
"request@2.88.0","Apache-2.0","https://github.com/request/request","https://github.com/request/request/raw/master/LICENSE","codacy-coverage:chatbot"
"require-directory@2.1.1","MIT","https://github.com/troygoode/node-require-directory","https://github.com/troygoode/node-require-directory/raw/master/LICENSE","chatbot"
"require-main-filename@1.0.1","ISC","https://github.com/yargs/require-main-filename","https://github.com/yargs/require-main-filename/raw/master/LICENSE.txt","chatbot"
"resolve-dir@1.0.1","MIT","https://github.com/jonschlinkert/resolve-dir","https://github.com/jonschlinkert/resolve-dir/raw/master/LICENSE","chatbot"
"resolve-url@0.2.1","MIT","https://github.com/lydell/resolve-url","https://github.com/lydell/resolve-url/raw/master/LICENSE","chatbot"
"resolve@1.1.7","MIT","https://github.com/substack/node-resolve","https://github.com/substack/node-resolve/raw/master/LICENSE","chatbot"
"ret@0.1.15","MIT","https://github.com/fent/ret.js","https://github.com/fent/ret.js/raw/master/LICENSE","chatbot"
"rimraf@2.6.2","ISC","https://github.com/isaacs/rimraf","https://github.com/isaacs/rimraf/raw/master/LICENSE","chatbot"
"safe-buffer@5.1.2","MIT","https://github.com/feross/safe-buffer","https://github.com/feross/safe-buffer/raw/master/LICENSE","chatbot"
"safe-regex@1.1.0","MIT","https://github.com/substack/safe-regex","https://github.com/substack/safe-regex/raw/master/LICENSE","chatbot"
"safer-buffer@2.1.2","MIT","https://github.com/ChALkeR/safer-buffer","https://github.com/ChALkeR/safer-buffer/raw/master/LICENSE","chatbot"
"sax@1.2.4","ISC","https://github.com/isaacs/sax-js","https://github.com/isaacs/sax-js/raw/master/LICENSE","chatbot"
"semver@5.5.0","ISC","https://github.com/npm/node-semver","https://github.com/npm/node-semver/raw/master/LICENSE","chatbot"
"send@0.16.2","MIT","https://github.com/pillarjs/send","https://github.com/pillarjs/send/raw/master/LICENSE","chatbot"
"serve-static@1.13.2","MIT","https://github.com/expressjs/serve-static","https://github.com/expressjs/serve-static/raw/master/LICENSE","chatbot"
"set-blocking@2.0.0","ISC","https://github.com/yargs/set-blocking","https://github.com/yargs/set-blocking/raw/master/LICENSE.txt","chatbot"
"set-value@0.4.3","MIT","https://github.com/jonschlinkert/set-value","https://github.com/jonschlinkert/set-value/raw/master/LICENSE","union-value:chatbot"
"set-value@2.0.0","MIT","https://github.com/jonschlinkert/set-value","https://github.com/jonschlinkert/set-value/raw/master/LICENSE","chatbot"
"setprototypeof@1.1.0","ISC","https://github.com/wesleytodd/setprototypeof","https://github.com/wesleytodd/setprototypeof/raw/master/LICENSE","chatbot"
"shebang-command@1.2.0","MIT","https://github.com/kevva/shebang-command","https://github.com/kevva/shebang-command/raw/master/license","chatbot"
"shebang-regex@1.0.0","MIT","https://github.com/sindresorhus/shebang-regex","https://github.com/sindresorhus/shebang-regex/raw/master/license","chatbot"
"signal-exit@3.0.2","ISC","https://github.com/tapjs/signal-exit","https://github.com/tapjs/signal-exit/raw/master/LICENSE.txt","chatbot"
"snapdragon-node@2.1.1","MIT","https://github.com/jonschlinkert/snapdragon-node","https://github.com/jonschlinkert/snapdragon-node/raw/master/LICENSE","chatbot"
"snapdragon-util@3.0.1","MIT","https://github.com/jonschlinkert/snapdragon-util","https://github.com/jonschlinkert/snapdragon-util/raw/master/LICENSE","chatbot"
"snapdragon@0.8.2","MIT","https://github.com/jonschlinkert/snapdragon","https://github.com/jonschlinkert/snapdragon/raw/master/LICENSE","chatbot"
"snekfetch@3.6.4","MIT","https://github.com/devsnek/snekfetch","https://github.com/devsnek/snekfetch/raw/master/LICENSE","chatbot"
"sort-keys@2.0.0","MIT","https://github.com/sindresorhus/sort-keys","https://github.com/sindresorhus/sort-keys/raw/master/license","chatbot"
"source-map-resolve@0.5.2","MIT","https://github.com/lydell/source-map-resolve","https://github.com/lydell/source-map-resolve/raw/master/LICENSE","chatbot"
"source-map-url@0.4.0","MIT","https://github.com/lydell/source-map-url","https://github.com/lydell/source-map-url/raw/master/LICENSE","chatbot"
"source-map@0.2.0","BSD","https://github.com/mozilla/source-map","http://opensource.org/licenses/BSD-3-Clause","chatbot"
"source-map@0.5.7","BSD-3-Clause","https://github.com/mozilla/source-map","https://github.com/mozilla/source-map/raw/master/LICENSE","snapdragon:chatbot"
"source-map@0.6.1","BSD-3-Clause","https://github.com/mozilla/source-map","https://github.com/mozilla/source-map/raw/master/LICENSE","handlebars:chatbot"
"spdx-correct@3.0.0","Apache-2.0","https://github.com/jslicense/spdx-correct.js","https://github.com/jslicense/spdx-correct.js/raw/master/LICENSE","chatbot"
"spdx-exceptions@2.1.0","CC-BY-3.0","https://github.com/kemitchell/spdx-exceptions.json","https://github.com/kemitchell/spdx-exceptions.json","chatbot"
"spdx-expression-parse@3.0.0","MIT","https://github.com/jslicense/spdx-expression-parse.js","https://github.com/jslicense/spdx-expression-parse.js/raw/master/LICENSE","chatbot"
"spdx-license-ids@3.0.0","CC0-1.0","https://github.com/shinnn/spdx-license-ids","https://github.com/shinnn/spdx-license-ids","chatbot"
"split-string@3.1.0","MIT","https://github.com/jonschlinkert/split-string","https://github.com/jonschlinkert/split-string/raw/master/LICENSE","chatbot"
"sprintf-js@1.0.3","BSD-3-Clause","https://github.com/alexei/sprintf.js","https://github.com/alexei/sprintf.js/raw/master/LICENSE","chatbot"
"sshpk@1.14.2","MIT","https://github.com/arekinath/node-sshpk","https://github.com/arekinath/node-sshpk/raw/master/LICENSE","chatbot"
"stack-trace@0.0.10","MIT","https://github.com/felixge/node-stack-trace","https://github.com/felixge/node-stack-trace/raw/master/License","chatbot"
"static-extend@0.1.2","MIT","https://github.com/jonschlinkert/static-extend","https://github.com/jonschlinkert/static-extend/raw/master/LICENSE","chatbot"
"statuses@1.4.0","MIT","https://github.com/jshttp/statuses","https://github.com/jshttp/statuses/raw/master/LICENSE","chatbot"
"stealthy-require@1.1.1","ISC","https://github.com/analog-nico/stealthy-require","https://github.com/analog-nico/stealthy-require/raw/master/LICENSE","chatbot"
"strict-uri-encode@1.1.0","MIT","https://github.com/kevva/strict-uri-encode","https://github.com/kevva/strict-uri-encode/raw/master/license","chatbot"
"string-width@1.0.2","MIT","https://github.com/sindresorhus/string-width","https://github.com/sindresorhus/string-width/raw/master/license","wrap-ansi:chatbot"
"string-width@2.1.1","MIT","https://github.com/sindresorhus/string-width","https://github.com/sindresorhus/string-width/raw/master/license","chatbot"
"strip-ansi@3.0.1","MIT","https://github.com/chalk/strip-ansi","https://github.com/chalk/strip-ansi/raw/master/license","chatbot"
"strip-ansi@4.0.0","MIT","https://github.com/chalk/strip-ansi","https://github.com/chalk/strip-ansi/raw/master/license","string-width:chatbot"
"strip-bom@2.0.0","MIT","https://github.com/sindresorhus/strip-bom","https://github.com/sindresorhus/strip-bom/raw/master/license","chatbot"
"strip-eof@1.0.0","MIT","https://github.com/sindresorhus/strip-eof","https://github.com/sindresorhus/strip-eof/raw/master/license","chatbot"
"strip-indent@1.0.1","MIT","https://github.com/sindresorhus/strip-indent","https://github.com/sindresorhus/strip-indent/raw/master/license","chatbot"
"strip-json-comments@2.0.1","MIT","https://github.com/sindresorhus/strip-json-comments","https://github.com/sindresorhus/strip-json-comments/raw/master/license","chatbot"
"supports-color@3.2.3","MIT","https://github.com/chalk/supports-color","https://github.com/chalk/supports-color/raw/master/license","istanbul:chatbot"
"supports-color@5.4.0","MIT","https://github.com/chalk/supports-color","https://github.com/chalk/supports-color/raw/master/license","jacoco-parse:chatbot"
"supports-color@5.5.0","MIT","https://github.com/chalk/supports-color","https://github.com/chalk/supports-color/raw/master/license","chatbot"
"supports-color@6.0.0","MIT","https://github.com/chalk/supports-color","https://github.com/chalk/supports-color/raw/master/license","mocha:chatbot"
"tar@4.4.8","ISC","https://github.com/npm/node-tar","https://github.com/npm/node-tar/raw/master/LICENSE","chatbot"
"teeny-request@3.11.3","Apache-2.0","https://github.com/fhinkel/teeny-request","https://github.com/fhinkel/teeny-request/raw/master/LICENSE","chatbot"
"tlds@1.203.1","MIT","https://github.com/stephenmathieson/node-tlds","https://github.com/stephenmathieson/node-tlds","chatbot"
"to-object-path@0.3.0","MIT","https://github.com/jonschlinkert/to-object-path","https://github.com/jonschlinkert/to-object-path/raw/master/LICENSE","chatbot"
"to-regex-range@2.1.1","MIT","https://github.com/micromatch/to-regex-range","https://github.com/micromatch/to-regex-range/raw/master/LICENSE","chatbot"
"to-regex@3.0.2","MIT","https://github.com/jonschlinkert/to-regex","https://github.com/jonschlinkert/to-regex/raw/master/LICENSE","chatbot"
"toml@3.0.0","MIT","https://github.com/BinaryMuse/toml-node","https://github.com/BinaryMuse/toml-node/raw/master/LICENSE","chatbot"
"topo@3.0.3","BSD-3-Clause","https://github.com/hapijs/topo","https://github.com/hapijs/topo/raw/master/LICENSE","chatbot"
"tough-cookie@2.3.4","BSD-3-Clause","https://github.com/salesforce/tough-cookie","https://github.com/salesforce/tough-cookie/raw/master/LICENSE","chatbot"
"tough-cookie@2.4.3","BSD-3-Clause","https://github.com/salesforce/tough-cookie","https://github.com/salesforce/tough-cookie/raw/master/LICENSE","codacy-coverage:chatbot"
"trim-newlines@1.0.0","MIT","https://github.com/sindresorhus/trim-newlines","https://github.com/sindresorhus/trim-newlines/raw/master/license","chatbot"
"tunnel-agent@0.6.0","Apache-2.0","https://github.com/mikeal/tunnel-agent","https://github.com/mikeal/tunnel-agent/raw/master/LICENSE","chatbot"
"tweetnacl@0.14.5","Unlicense","https://github.com/dchest/tweetnacl-js","https://github.com/dchest/tweetnacl-js/raw/master/LICENSE","sshpk:chatbot"
"tweetnacl@1.0.1","Unlicense","https://github.com/dchest/tweetnacl-js","https://github.com/dchest/tweetnacl-js/raw/master/LICENSE","chatbot"
"type-check@0.3.2","MIT","https://github.com/gkz/type-check","https://github.com/gkz/type-check/raw/master/LICENSE","chatbot"
"type-detect@4.0.8","MIT","https://github.com/chaijs/type-detect","https://github.com/chaijs/type-detect/raw/master/LICENSE","chatbot"
"type-is@1.6.16","MIT","https://github.com/jshttp/type-is","https://github.com/jshttp/type-is/raw/master/LICENSE","chatbot"
"typescript@3.0.1","Apache-2.0","https://github.com/Microsoft/TypeScript","https://github.com/Microsoft/TypeScript/raw/master/LICENSE.txt","chatbot"
"uglify-js@3.4.9","BSD-2-Clause","https://github.com/mishoo/UglifyJS2","https://github.com/mishoo/UglifyJS2/raw/master/LICENSE","handlebars:chatbot"
"underscore.string@3.3.5","MIT","https://github.com/epeli/underscore.string","https://github.com/epeli/underscore.string","chatbot"
"union-value@1.0.0","MIT","https://github.com/jonschlinkert/union-value","https://github.com/jonschlinkert/union-value/raw/master/LICENSE","chatbot"
"unpipe@1.0.0","MIT","https://github.com/stream-utils/unpipe","https://github.com/stream-utils/unpipe/raw/master/LICENSE","chatbot"
"unset-value@1.0.0","MIT","https://github.com/jonschlinkert/unset-value","https://github.com/jonschlinkert/unset-value/raw/master/LICENSE","chatbot"
"uri-js@4.2.2","BSD-2-Clause","https://github.com/garycourt/uri-js","https://github.com/garycourt/uri-js","chatbot"
"urix@0.1.0","MIT","https://github.com/lydell/urix","https://github.com/lydell/urix/raw/master/LICENSE","chatbot"
"url-regex@4.1.1","MIT","https://github.com/kevva/url-regex","https://github.com/kevva/url-regex/raw/master/license","chatbot"
"urlgrey@0.4.4","BSD-2-Clause","https://github.com/cainus/urlgrey","https://github.com/cainus/urlgrey","chatbot"
"use@3.1.1","MIT","https://github.com/jonschlinkert/use","https://github.com/jonschlinkert/use/raw/master/LICENSE","chatbot"
"util-deprecate@1.0.2","MIT","https://github.com/TooTallNate/util-deprecate","https://github.com/TooTallNate/util-deprecate/raw/master/LICENSE","chatbot"
"utils-merge@1.0.1","MIT","https://github.com/jaredhanson/utils-merge","https://github.com/jaredhanson/utils-merge/raw/master/LICENSE","chatbot"
"uuid@3.3.2","MIT","https://github.com/kelektiv/node-uuid","https://github.com/kelektiv/node-uuid/raw/master/LICENSE.md","chatbot"
"uws@100.0.1","UNKNOWN","https://github.com/uNetworking/uWebSockets.js","https://github.com/uNetworking/uWebSockets.js","chatbot"
"validate-npm-package-license@3.0.3","Apache-2.0","https://github.com/kemitchell/validate-npm-package-license.js","https://github.com/kemitchell/validate-npm-package-license.js/raw/master/LICENSE","chatbot"
"vary@1.1.2","MIT","https://github.com/jshttp/vary","https://github.com/jshttp/vary/raw/master/LICENSE","chatbot"
"verror@1.10.0","MIT","https://github.com/davepacheco/node-verror","https://github.com/davepacheco/node-verror/raw/master/LICENSE","chatbot"
"whatwg-fetch@3.0.0","MIT","https://github.com/github/fetch","https://github.com/github/fetch/raw/master/LICENSE","chatbot"
"which-module@2.0.0","ISC","https://github.com/nexdrew/which-module","https://github.com/nexdrew/which-module/raw/master/LICENSE","chatbot"
"which@1.3.1","ISC","https://github.com/isaacs/node-which","https://github.com/isaacs/node-which/raw/master/LICENSE","chatbot"
"wide-align@1.1.3","ISC","https://github.com/iarna/wide-align","https://github.com/iarna/wide-align/raw/master/LICENSE","chatbot"
"winston@2.4.4","MIT","https://github.com/winstonjs/winston","https://github.com/winstonjs/winston/raw/master/LICENSE","chatbot"
"wordwrap@0.0.3","MIT","https://github.com/substack/node-wordwrap","https://github.com/substack/node-wordwrap/raw/master/LICENSE","optimist:chatbot"
"wordwrap@1.0.0","MIT","https://github.com/substack/node-wordwrap","https://github.com/substack/node-wordwrap/raw/master/LICENSE","chatbot"
"wrap-ansi@2.1.0","MIT","https://github.com/chalk/wrap-ansi","https://github.com/chalk/wrap-ansi/raw/master/license","chatbot"
"wrappy@1.0.2","ISC","https://github.com/npm/wrappy","https://github.com/npm/wrappy/raw/master/LICENSE","chatbot"
"ws@4.1.0","MIT","https://github.com/websockets/ws","https://github.com/websockets/ws/raw/master/LICENSE","chatbot"
"wtfnode@0.8.0","ISC","https://github.com/myndzi/wtfnode","https://github.com/myndzi/wtfnode","chatbot"
"xml2js@0.4.19","MIT","https://github.com/Leonidas-from-XIV/node-xml2js","https://github.com/Leonidas-from-XIV/node-xml2js/raw/master/LICENSE","chatbot"
"xmlbuilder@9.0.7","MIT","https://github.com/oozcitak/xmlbuilder-js","https://github.com/oozcitak/xmlbuilder-js/raw/master/LICENSE","chatbot"
"y18n@4.0.0","ISC","https://github.com/yargs/y18n","https://github.com/yargs/y18n/raw/master/LICENSE","chatbot"
"yallist@3.0.3","ISC","https://github.com/isaacs/yallist","https://github.com/isaacs/yallist/raw/master/LICENSE","chatbot"
"yargs-parser@11.1.1","ISC","https://github.com/yargs/yargs-parser","https://github.com/yargs/yargs-parser/raw/master/LICENSE.txt","chatbot"
"yargs-unparser@1.5.0","MIT","https://github.com/yargs/yargs-unparser","https://github.com/yargs/yargs-unparser/raw/master/LICENSE","chatbot"
"yargs@12.0.5","MIT","https://github.com/yargs/yargs","https://github.com/yargs/yargs/raw/master/LICENSE","chatbot"